seed,objective,feasible,success,first_target_generation,runtime_seconds,u1,u2,u3,u4,u5,v1,v2
0,-6.0,True,True,0,0.25542508298531175,0.0,0.0,1.0,1.0,1.0,2.2,2.2
1,-6.0,True,True,1,0.237821165996138,1.0,1.0,1.0,0.0,0.0,2.2,2.2
2,-6.0,True,True,0,0.23850316600874066,0.0,1.0,1.0,0.0,1.0,2.2,2.2
3,-6.0,True,True,1,0.23981866700341925,0.0,0.0,1.0,1.0,1.0,2.2,2.2
4,-6.0,True,True,1,0.23835966701153666,1.0,0.0,1.0,1.0,0.0,2.2,2.2
5,-6.0,True,True,0,0.23788912501186132,0.0,0.0,1.0,1.0,1.0,2.2,2.2
6,-6.0,True,True,1,0.2375920000486076,1.0,1.0,0.0,0.0,1.0,2.2,2.2
7,-6.0,True,True,0,0.23837387503590435,1.0,0.0,0.0,1.0,1.0,2.2,2.2
8,-6.0,True,True,1,0.23714912502327934,1.0,0.0,1.0,1.0,0.0,2.2,2.2
9,-6.0,True,True,0,0.23717750003561378,0.0,1.0,1.0,0.0,1.0,2.2,2.2
10,-6.0,True,True,0,0.23727174999658018,0.0,0.0,1.0,1.0,1.0,2.2,2.2
11,-6.0,True,True,1,0.23871095798676834,1.0,0.0,1.0,1.0,0.0,2.2,2.2
12,-6.0,True,True,0,0.23802045796765015,0.0,1.0,1.0,0.0,1.0,2.2,2.2
13,-6.0,True,True,0,0.23954708297969773,1.0,0.0,0.0,1.0,1.0,2.2,2.2
14,-6.0,True,True,0,0.23915745900012553,0.0,1.0,1.0,0.0,1.0,2.2,2.2
15,-6.0,True,True,0,0.23898550000740215,1.0,1.0,1.0,0.0,0.0,2.2,2.2
16,-6.0,True,True,1,0.2407238750020042,1.0,1.0,1.0,0.0,0.0,2.2,2.2
17,-6.0,True,True,0,0.26323295797919855,1.0,1.0,0.0,0.0,1.0,2.2,2.2
18,-6.0,True,True,0,0.24176895804703236,1.0,1.0,0.0,0.0,1.0,2.2,2.2
19,-6.0,True,True,0,0.2465262080077082,0.0,0.0,1.0,1.0,1.0,2.2,2.2
20,-6.0,True,True,0,0.24194675002945587,1.0,0.0,1.0,1.0,0.0,2.2,2.2
21,-6.0,True,True,1,0.2426065419567749,1.0,1.0,0.0,0.0,1.0,2.2,2.2
22,-6.0,True,True,0,0.24463533295784146,1.0,0.0,1.0,1.0,0.0,2.2,2.2
23,-6.0,True,True,2,0.24269983399426565,1.0,1.0,1.0,0.0,0.0,2.2,2.2
24,-6.0,True,True,1,0.24134704197058454,0.0,1.0,1.0,0.0,1.0,2.2,2.2
25,-6.0,True,True,0,0.2399537909659557,1.0,0.0,1.0,1.0,0.0,2.2,2.2
26,-6.0,True,True,0,0.2400679169804789,0.0,1.0,1.0,0.0,1.0,2.2,2.2
27,-6.0,True,True,1,0.2408084159833379,0.0,0.0,1.0,1.0,1.0,2.2,2.2
28,-6.0,True,True,1,0.239728250016924,1.0,1.0,1.0,0.0,0.0,2.2,2.2
29,-6.0,True,True,1,0.24172200000612065,1.0,1.0,0.0,0.0,1.0,2.2,2.2
